{
    "configs": [
        {
            "server": "hk1-vip8.wzmcu.pw",
            "server_port": 56236,
            "local_port": 1080,
            "password": "sDr84jSWSkmA",
            "method": "chacha20-ietf-poly1305",
            "remarks": "\u9999\u6e2f1 \u6d41\u91cf\u8d39\u7387: 1.0"
        },
        {
            "server": "hk2-vip8.wzmcu.pw",
            "server_port": 56236,
            "local_port": 1080,
            "password": "sDr84jSWSkmA",
            "method": "chacha20-ietf-poly1305",
            "remarks": "\u9999\u6e2f2 \u6d41\u91cf\u8d39\u7387: 1.5"
        },
        {
            "server": "jp1-vip8.wzmcu.pw",
            "server_port": 56236,
            "local_port": 1080,
            "password": "sDr84jSWSkmA",
            "method": "chacha20-ietf-poly1305",
            "remarks": "\u65e5\u672c1 \u6d41\u91cf\u8d39\u7387: 1.5"
        },
        {
            "server": "jp2-vip8.wzmcu.pw",
            "server_port": 56236,
            "local_port": 1080,
            "password": "sDr84jSWSkmA",
            "method": "chacha20-ietf-poly1305",
            "remarks": "\u65e5\u672c2 \u6d41\u91cf\u8d39\u7387: 1.2"
        },
        {
            "server": "us1-vip8.wzmcu.pw",
            "server_port": 56236,
            "local_port": 1080,
            "password": "sDr84jSWSkmA",
            "method": "chacha20-ietf-poly1305",
            "remarks": "\u7f8e\u56fd1 \u6d41\u91cf\u8d39\u7387: 0.2"
        },
        {
            "server": "us2-vip8.wzmcu.pw",
            "server_port": 56236,
            "local_port": 1080,
            "password": "sDr84jSWSkmA",
            "method": "chacha20-ietf-poly1305",
            "remarks": "\u7f8e\u56fd2 \u6d41\u91cf\u8d39\u7387: 0.2"
        },
        {
            "server": "sg1-vip8.wzmcu.pw",
            "server_port": 56236,
            "local_port": 1080,
            "password": "sDr84jSWSkmA",
            "method": "chacha20-ietf-poly1305",
            "remarks": "\u65b0\u52a0\u5761 \u6d41\u91cf\u8d39\u7387: 1.2"
        },
        {
            "server": "hk3-vip8.wzmcu.pw",
            "server_port": 56236,
            "local_port": 1080,
            "password": "sDr84jSWSkmA",
            "method": "chacha20-ietf-poly1305",
            "remarks": "\u9999\u6e2f \u6d41\u91cf\u8d39\u7387: 0.2"
        }
    ],
    "localPort": 1080,
    "index": 0,
    "global": false,
    "enabled": true,
    "isDefault": false
}