{
  "configs": [
    {
      "server": "jp01-92.ssv7.net",
      "server_port": 22015,
      "password": "GWCCYHDukkQF",
      "method": "aes-256-cfb",
      "remarks": "",
      "timeout": 5
    },
    {
      "server": "sg01-92.ssv7.net",
      "server_port": 22015,
      "password": "GWCCYHDukkQF",
      "method": "aes-256-cfb",
      "remarks": "",
      "timeout": 5
    },
    {
      "server": "us02-92.ssv7.net",
      "server_port": 22015,
      "password": "GWCCYHDukkQF",
      "method": "aes-256-cfb",
      "remarks": "",
      "timeout": 5
    },
    {
      "server": "sg02-92.ssv7.net",
      "server_port": 22015,
      "password": "GWCCYHDukkQF",
      "method": "aes-256-cfb",
      "remarks": "",
      "timeout": 5
    },
    {
      "server": "sg03-92.ssv7.net",
      "server_port": 22015,
      "password": "GWCCYHDukkQF",
      "method": "aes-256-cfb",
      "remarks": "",
      "timeout": 5
    },
    {
      "server": "us01-92.ssv7.net",
      "server_port": 22015,
      "password": "GWCCYHDukkQF",
      "method": "aes-256-cfb",
      "remarks": "",
      "timeout": 5
    },
    {
      "server": "hk02-92.ssv7.net",
      "server_port": 22015,
      "password": "GWCCYHDukkQF",
      "method": "aes-256-cfb",
      "remarks": "",
      "timeout": 5
    },
    {
      "server": "sg05-92.ssv7.net",
      "server_port": 22015,
      "password": "GWCCYHDukkQF",
      "method": "aes-256-cfb",
      "remarks": "",
      "timeout": 5
    },
    {
      "server": "us03-92.ssv7.net",
      "server_port": 22015,
      "password": "GWCCYHDukkQF",
      "method": "aes-256-cfb",
      "remarks": "",
      "timeout": 5
    }
  ],
  "strategy": null,
  "index": 6,
  "global": false,
  "enabled": true,
  "shareOverLan": false,
  "isDefault": false,
  "localPort": 1080,
  "pacUrl": null,
  "useOnlinePac": false,
  "secureLocalPac": false,
  "availabilityStatistics": false,
  "autoCheckUpdate": false,
  "checkPreRelease": false,
  "isVerboseLogging": true,
  "logViewer": {
    "topMost": false,
    "wrapText": false,
    "toolbarShown": false,
    "Font": "Consolas, 8pt",
    "BackgroundColor": "Black",
    "TextColor": "White"
  },
  "proxy": {
    "useProxy": false,
    "proxyType": 0,
    "proxyServer": "",
    "proxyPort": 0,
    "proxyTimeout": 3
  },
  "hotkey": {
    "SwitchSystemProxy": "",
    "SwitchSystemProxyMode": "",
    "SwitchAllowLan": "",
    "ShowLogs": "",
    "ServerMoveUp": "",
    "ServerMoveDown": ""
  }
}